{
  "phase": "Phase 5 -- Evaluation",
  "created_at": "2026-07-01 04:29:43",
  "champion_model": "LightGBM",
  "champion_metrics": {
    "accuracy": 0.9943349753694581,
    "balanced_accuracy": 0.903439338296824,
    "macro_f1": 0.8909829765363234,
    "weighted_f1": 0.9944668665375825,
    "cohens_kappa": 0.9232973120381657,
    "mcc": 0.9238388920590559
  },
  "business_target": 0.85,
  "business_target_met": true,
  "overall_failure_recall": 0.9530201342281879,
  "false_alarm_rate": 0.004091025313219126,
  "cv_results": {
    "accuracy_mean": 0.993399014778325,
    "accuracy_std": 0.0005702382710734287,
    "macro_f1_mean": 0.8796779054007384,
    "macro_f1_std": 0.031618260609874736
  },
  "models_evaluated": [
    "Logistic Regression",
    "Random Forest",
    "SVC (RBF)",
    "k-NN",
    "XGBoost",
    "LightGBM"
  ],
  "recommendation": "Deploy LightGBM as production classifier with monitoring for data drift"
}